ug_mL_glu,Abs
2.69,0.18626923076923077
5.37,0.20046153846153847
26.87,0.4358653846153846
80.69,1.02325
