ug_glu,Abs
18.458149779735685,0.24224924012158058
37.09251101321587,0.4173252279635258
59.82378854625551,0.6224924012158055
74.75770925110135,0.7702127659574468
