mM_glu,Abs
0.27888253196278834,2.1198001833144167
0.22261929653132131,1.667968712335324
0.16730967525970972,1.293153969364031
0.11104643982824271,0.7540368733094317
0.0552600114767034,0.3894910274058453
